Author,Message,Timestamp
victorlacour1,bonjour,1694522834
victorlacour1,sup sups up,1694523678
mortennielsen,yihaa,1695122456
victorlacour1,fuckery mockery,1695493097
victorlacour1,first test omg crazy,638312411213756860
victorlacour1,first test omg crazy,638312411213756860
victorlacour1,first test omg crazy,638312411213756860
victorlacour1,first test omg crazy,638312411213756860
victorlacour1,Microsoft.AspNetCore.Server.Kestrel.Core.Internal.Http.HttpRequestStream,638312436904862980
victorlacour1,,638312443930555400
victorlacour1,Your message here,638312443930555400
victorlacour1,You shouldn't suck a niggERian dick for free,638312443930555400